,generation,time,current_optimal,optimality_gap,index,run
0,0,0.016003847122192383,633,422,0,0
1,1,2.3635261058807373,223,12,0,0
2,7,14.278178215026855,223,12,0,0
0,0,0.014002561569213867,788,577,0,1
1,1,1.9464335441589355,228,17,0,1
2,7,12.717831373214722,228,17,0,1
0,0,0.015003442764282227,834,623,0,2
1,1,1.851412057876587,234,23,0,2
2,7,13.152928829193115,234,23,0,2
